"description","category","n_occurrences"
"inspection","monitoring_only (excluded from disturb_recent_class)",109
"stand inspection","monitoring_only (excluded from disturb_recent_class)",71
"photo only","monitoring_only (excluded from disturb_recent_class)",30
"insp","monitoring_only (excluded from disturb_recent_class)",14
"inspection - report","monitoring_only (excluded from disturb_recent_class)",9
"measurement, exp 33-1","monitoring_only (excluded from disturb_recent_class)",9
"inspection & report","monitoring_only (excluded from disturb_recent_class)",4
"inspection & report of pine knolls (refer to 1918 A)","monitoring_only (excluded from disturb_recent_class)",4
"stand examination","monitoring_only (excluded from disturb_recent_class)",4
"White Pine cruise","monitoring_only (excluded from disturb_recent_class)",4
"inspection & measurement report, exp 33-1","monitoring_only (excluded from disturb_recent_class)",3
"inspection of 1924-1925 cuttings","monitoring_only (excluded from disturb_recent_class)",3
"measurements, exp 33-1","monitoring_only (excluded from disturb_recent_class)",3
"stand exam","monitoring_only (excluded from disturb_recent_class)",3
"tally sprout stools, co-exp 35-2, plots A B & C","monitoring_only (excluded from disturb_recent_class)",3
"inspection, student exercise in mensuration","monitoring_only (excluded from disturb_recent_class)",2
"photo","monitoring_only (excluded from disturb_recent_class)",2
"plot measurement","monitoring_only (excluded from disturb_recent_class)",2
"reproduction tally","monitoring_only (excluded from disturb_recent_class)",2
"-F  E insp","monitoring_only (excluded from disturb_recent_class)",1
"burned (no record, but a map showing the area), photo only","monitoring_only (excluded from disturb_recent_class)",1
"co-exp. 53-1 control-inspection only","monitoring_only (excluded from disturb_recent_class)",1
"cutting recommendations1914 B stand inspection","monitoring_only (excluded from disturb_recent_class)",1
"Establishment of permanent plot E and measurements","monitoring_only (excluded from disturb_recent_class)",1
"experimental sanitation cut, examination of root systems","monitoring_only (excluded from disturb_recent_class)",1
"first plot inspection","monitoring_only (excluded from disturb_recent_class)",1
"insp & meas","monitoring_only (excluded from disturb_recent_class)",1
"insp & report of hdwd swales","monitoring_only (excluded from disturb_recent_class)",1
"insp & tabulation","monitoring_only (excluded from disturb_recent_class)",1
"insp for cytospora canker infection","monitoring_only (excluded from disturb_recent_class)",1
"insp for cytospora infection, none found","monitoring_only (excluded from disturb_recent_class)",1
"insp, 98% survival RP","monitoring_only (excluded from disturb_recent_class)",1
"Inspection","monitoring_only (excluded from disturb_recent_class)",1
"inspection (22-B)","monitoring_only (excluded from disturb_recent_class)",1
"inspection (23-A)","monitoring_only (excluded from disturb_recent_class)",1
"inspection (25-L)","monitoring_only (excluded from disturb_recent_class)",1
"inspection (31-A)","monitoring_only (excluded from disturb_recent_class)",1
"inspection (33-B)","monitoring_only (excluded from disturb_recent_class)",1
"inspection (arb. C)","monitoring_only (excluded from disturb_recent_class)",1
"inspection & cumulative stand record","monitoring_only (excluded from disturb_recent_class)",1
"inspection & measurement","monitoring_only (excluded from disturb_recent_class)",1
"inspection & report of pine knolls (refer to 1918A)","monitoring_only (excluded from disturb_recent_class)",1
"inspection & report of pine knolls(refer to 1918 A)","monitoring_only (excluded from disturb_recent_class)",1
"inspection & summary","monitoring_only (excluded from disturb_recent_class)",1
"inspection & tabulation","monitoring_only (excluded from disturb_recent_class)",1
"inspection for cytospora canker","monitoring_only (excluded from disturb_recent_class)",1
"inspection of reproduction","monitoring_only (excluded from disturb_recent_class)",1
"inspection one tree","monitoring_only (excluded from disturb_recent_class)",1
"inspection-report","monitoring_only (excluded from disturb_recent_class)",1
"inspection, refer to 1912 C","monitoring_only (excluded from disturb_recent_class)",1
"inspection, refer to E-1915","monitoring_only (excluded from disturb_recent_class)",1
"inspection, refer to I-1940 stand files","monitoring_only (excluded from disturb_recent_class)",1
"measure","monitoring_only (excluded from disturb_recent_class)",1
"measurement","monitoring_only (excluded from disturb_recent_class)",1
"measurement exp 56-2","monitoring_only (excluded from disturb_recent_class)",1
"measurement of Plot A, class of 1908 folder 3","monitoring_only (excluded from disturb_recent_class)",1
"partial measurement exp 56-2","monitoring_only (excluded from disturb_recent_class)",1
"photo (photo #1626 Box #4)","monitoring_only (excluded from disturb_recent_class)",1
"photo only (ref. B 1923)","monitoring_only (excluded from disturb_recent_class)",1
"photo only (snow damage)","monitoring_only (excluded from disturb_recent_class)",1
"photo only, no record","monitoring_only (excluded from disturb_recent_class)",1
"photo only, photo #1255 Box #4, Lantern Slide 040, Olivia Work ID 407845","monitoring_only (excluded from disturb_recent_class)",1
"photo only, Photo #1286 Box #3","monitoring_only (excluded from disturb_recent_class)",1
"photo only, photo #1764 Box #3","monitoring_only (excluded from disturb_recent_class)",1
"photo only, photo #2933 Box #3","monitoring_only (excluded from disturb_recent_class)",1
"photos only","monitoring_only (excluded from disturb_recent_class)",1
"remeasurement of Plot A","monitoring_only (excluded from disturb_recent_class)",1
"remeasurement of trees","monitoring_only (excluded from disturb_recent_class)",1
"remeasurement, exp 56-2","monitoring_only (excluded from disturb_recent_class)",1
"report involving data of experimental plots, 20 feet in diameter, located in the delineated area. Date of report is uncertain and has been estimated","monitoring_only (excluded from disturb_recent_class)",1
"report of land sale","monitoring_only (excluded from disturb_recent_class)",1
"Sample measurement of understory Hemlock at random throughout the area","monitoring_only (excluded from disturb_recent_class)",1
"sample plot examination","monitoring_only (excluded from disturb_recent_class)",1
"stand insp","monitoring_only (excluded from disturb_recent_class)",1
"stand inspection (1912 - 13 -14 cuttings)","monitoring_only (excluded from disturb_recent_class)",1
"stand inspection TS VI","monitoring_only (excluded from disturb_recent_class)",1
"student report: Drury, folder 14","monitoring_only (excluded from disturb_recent_class)",1
"student report: Namtvedt, folder 5","monitoring_only (excluded from disturb_recent_class)",1
"student reports of cutting operation: Heller folder 1908-1, Starr folder 1908-2&-3","monitoring_only (excluded from disturb_recent_class)",1
"student reports: Smith, folder 6 & Carini, folder 8","monitoring_only (excluded from disturb_recent_class)",1
"working plan - report","monitoring_only (excluded from disturb_recent_class)",1
"(exp 81-1) sample regen site selection","real_disturbance (counted)",15
"(exp 83-1)  approx locations & sizes of 15 openings - openings cleared","real_disturbance (counted)",15
"approx locations & sizes of 15 openings - regen of small forest openings","real_disturbance (counted)",15
"blowdown, no record","real_disturbance (counted)",13
"cutting operations of 1912","real_disturbance (counted)",13
"slash burning","real_disturbance (counted)",13
"tree from which bark samples were taken","real_disturbance (counted)",10
"six (6) per lots in burn area","real_disturbance (counted)",8
"cutting bark samples","real_disturbance (counted)",6
"post hurricane cleanup","real_disturbance (counted)",6
"bark samples of Larch, southern part","real_disturbance (counted)",4
"fire","real_disturbance (counted)",4
"gypsy moth control","real_disturbance (counted)",4
"hurricane cleanup","real_disturbance (counted)",4
"slash burning & clean up","real_disturbance (counted)",4
"cutting recommendations","real_disturbance (counted)",3
"forest fire","real_disturbance (counted)",3
"removal of leaners","real_disturbance (counted)",3
"removal of roadside trees","real_disturbance (counted)",3
"sprout-stool height study, co-exp. 35-2, plots A B & C","real_disturbance (counted)",3
"t","real_disturbance (counted)",3
"?","real_disturbance (counted)",2
"brush burning","real_disturbance (counted)",2
"bunch cutting (no record, see A 1944)","real_disturbance (counted)",2
"burn","real_disturbance (counted)",2
"conclusion of exp 45-1","real_disturbance (counted)",2
"cut bark samples at 4 ft, collection for study on porcupine damage","real_disturbance (counted)",2
"cutting","real_disturbance (counted)",2
"cutting windfalls","real_disturbance (counted)",2
"damage cutting","real_disturbance (counted)",2
"deadening sprouts","real_disturbance (counted)",2
"dendrometer stations removed","real_disturbance (counted)",2
"Epicormic Sprout (red oak) Study","real_disturbance (counted)",2
"g","real_disturbance (counted)",2
"liberation cuttings","real_disturbance (counted)",2
"notes on mapping","real_disturbance (counted)",2
"pine removal","real_disturbance (counted)",2
"plots established for dendrometer exp.","real_disturbance (counted)",2
"results from 1908-1909 operation","real_disturbance (counted)",2
"roadside cleanup","real_disturbance (counted)",2
"sample plot established","real_disturbance (counted)",2
"study of natural reproduction","real_disturbance (counted)",2
"stump sprout control experiment in delineated area","real_disturbance (counted)",2
"tree count","real_disturbance (counted)",2
"-300m2 gaps and 3-75m2 gaps","real_disturbance (counted)",1
"1","real_disturbance (counted)",1
"annual rye","real_disturbance (counted)",1
"biological control of Chestnut blight with hypovirulent strain of Endothia parasitica","real_disturbance (counted)",1
"blowdown (no record)","real_disturbance (counted)",1
"brush cut","real_disturbance (counted)",1
"burning slash","real_disturbance (counted)",1
"canopy & understory mapping (inactive research)","real_disturbance (counted)",1
"cc for CD","real_disturbance (counted)",1
"cleared in large gaps","real_disturbance (counted)",1
"clearing trees from gravel pit","real_disturbance (counted)",1
"clearing vista","real_disturbance (counted)",1
"co-exp 53-1 partial removal of overstory","real_disturbance (counted)",1
"co-exp 56-1 (Fomes annosus)","real_disturbance (counted)",1
"conservation mix","real_disturbance (counted)",1
"construction of ski trail from fire tower","real_disturbance (counted)",1
"control","real_disturbance (counted)",1
"control plot","real_disturbance (counted)",1
"Crown Class","real_disturbance (counted)",1
"crown class & DBH","real_disturbance (counted)",1
"cut bark samples at 4 ft, collectoin for study on porcupine damage","real_disturbance (counted)",1
"cut undbrush, plnt Eur LR","real_disturbance (counted)",1
"cutting back of stump sprouts","real_disturbance (counted)",1
"cutting Chestnut, no record","real_disturbance (counted)",1
"cutting of scattered trees","real_disturbance (counted)",1
"cutting of supressed trees","real_disturbance (counted)",1
"cutting pea brush","real_disturbance (counted)",1
"cutting residuals","real_disturbance (counted)",1
"cutting sawlogs","real_disturbance (counted)",1
"cutting scrub pine","real_disturbance (counted)",1
"cutting to remove inferior and poorly formed trees","real_disturbance (counted)",1
"cutting windfalls along road","real_disturbance (counted)",1
"cutting woody understory, expt 56-2","real_disturbance (counted)",1
"cuttting bark samples","real_disturbance (counted)",1
"damage cutting - culling of Chestnut","real_disturbance (counted)",1
"Damage cutting (no record)","real_disturbance (counted)",1
"damage cutting, no record","real_disturbance (counted)",1
"debudding 37-E Norway Spruce","real_disturbance (counted)",1
"demonstration cutting of one (1) old field White Pine to show grade recovery","real_disturbance (counted)",1
"demonstration cutting of one (1) old-field White Pine to show grade recovery","real_disturbance (counted)",1
"discontinue 32-E & exp 32-1","real_disturbance (counted)",1
"discontinued, refer to discontinued stand file","real_disturbance (counted)",1
"E","real_disturbance (counted)",1
"enlarging gravel bank","real_disturbance (counted)",1
"Epicormic sprout (Red Oak) study by C.D. Oliver","real_disturbance (counted)",1
"est sample plot in 9-A","real_disturbance (counted)",1
"established exp 33-1, plots A B & C","real_disturbance (counted)",1
"establishment of dendrometer exp 45-1","real_disturbance (counted)",1
"establishment of dendrometer exp. 45-1","real_disturbance (counted)",1
"exp 49-1 concluded, refer to 1949-22 in inactive research file","real_disturbance (counted)",1
"exp 58-1 foliage spray plot C","real_disturbance (counted)",1
"exp 58-1 foliage spray plots Plot A","real_disturbance (counted)",1
"exp 58-1 foliage spray plots Plot B","real_disturbance (counted)",1
"experiment in cutting grey birch in summer","real_disturbance (counted)",1
"experiment with ""Shure Shot"" tree killer","real_disturbance (counted)",1
"experiment with Shure Shot tree killer","real_disturbance (counted)",1
"experimental girlding, spraying of hardwoods & overstory pines, co-exp 53-1","real_disturbance (counted)",1
"Fomes annosus infection in white pine (24-G)","real_disturbance (counted)",1
"Form class study (summer 1974), size uncertain","real_disturbance (counted)",1
"formation of new subdivision sp-# by separation of JS from WS stand","real_disturbance (counted)",1
"gypsy moth protection","real_disturbance (counted)",1
"hardwood swales cut with standards","real_disturbance (counted)",1
"Hurricane blowdown, no record","real_disturbance (counted)",1
"hurricane blowdown, no records","real_disturbance (counted)",1
"hurricane clean up","real_disturbance (counted)",1
"hurricane clean-up","real_disturbance (counted)",1
"improvment cutting, location not giving","real_disturbance (counted)",1
"liberation cutting","real_disturbance (counted)",1
"liberation cutting, no record","real_disturbance (counted)",1
"mature timber area","real_disturbance (counted)",1
"mprovement cut (boundaries?)","real_disturbance (counted)",1
"N hardwood control","real_disturbance (counted)",1
"N hardwood high N","real_disturbance (counted)",1
"N hardwood low N","real_disturbance (counted)",1
"N hardwood N+S","real_disturbance (counted)",1
"N pine control","real_disturbance (counted)",1
"N pine high N","real_disturbance (counted)",1
"N pine low N","real_disturbance (counted)",1
"N pine N+S","real_disturbance (counted)",1
"no records, refer to operations map of 1908-11 & A 1911 TSIV","real_disturbance (counted)",1
"notes about sample plot","real_disturbance (counted)",1
"old growth study","real_disturbance (counted)",1
"perm plot G","real_disturbance (counted)",1
"perm plot, plot C","real_disturbance (counted)",1
"perm plot, plot M","real_disturbance (counted)",1
"perm plot, plot N","real_disturbance (counted)",1
"perm. plot, plot K, no record","real_disturbance (counted)",1
"perm. plot, plot L, no record","real_disturbance (counted)",1
"permanent plot","real_disturbance (counted)",1
"pest control, picking weevils","real_disturbance (counted)",1
"PH ski trail","real_disturbance (counted)",1
"pit bulldozed to show soils for the INQUA group","real_disturbance (counted)",1
"plot","real_disturbance (counted)",1
"plot D, perm plot","real_disturbance (counted)",1
"plot E, perm plot","real_disturbance (counted)",1
"plot E, perm. plot","real_disturbance (counted)",1
"plot exp 40-1 3rd sampling","real_disturbance (counted)",1
"plot H, perm plot 40-1","real_disturbance (counted)",1
"plot I, perm plot 40-1","real_disturbance (counted)",1
"plot J, perm. plot","real_disturbance (counted)",1
"plot location","real_disturbance (counted)",1
"pulldown plot","real_disturbance (counted)",1
"R. Oldeman Transect","real_disturbance (counted)",1
"red & white clover","real_disturbance (counted)",1
"red clover","real_disturbance (counted)",1
"Red Oak crown - basal area relation study","real_disturbance (counted)",1
"Red Oak, Sugar Maple, Black Birch study","real_disturbance (counted)",1
"Red Pine timber sale","real_disturbance (counted)",1
"Red Pine timber sale (see 1980 A TS VIII)","real_disturbance (counted)",1
"regeneration plots installed (exp 81-1) control","real_disturbance (counted)",1
"regeneration plots installed (exp 81-1) cut 75 BA","real_disturbance (counted)",1
"regeneration plots installed (exp 81-1), cut 40 BA","real_disturbance (counted)",1
"rem of leaners, 45% of crown canopy rem","real_disturbance (counted)",1
"removal of hardwood trees for vessel-length study","real_disturbance (counted)",1
"removal of infected trees","real_disturbance (counted)",1
"removal of leaners (22-B)","real_disturbance (counted)",1
"removal of leaners (23-A)","real_disturbance (counted)",1
"removal of leaners, 45% of crown canopy removed","real_disturbance (counted)",1
"removal of poisoned trees","real_disturbance (counted)",1
"removeal of leaners (25-L)","real_disturbance (counted)",1
"repro cutting","real_disturbance (counted)",1
"reproduction","real_disturbance (counted)",1
"ring analysis of Spruce","real_disturbance (counted)",1
"sample plot establishment","real_disturbance (counted)",1
"sample plots established","real_disturbance (counted)",1
"sample reproduction plots","real_disturbance (counted)",1
"sawmill location","real_disturbance (counted)",1
"second cutting","real_disturbance (counted)",1
"second sampling","real_disturbance (counted)",1
"slash disposal","real_disturbance (counted)",1
"slash disposal (wood hog test)","real_disturbance (counted)",1
"solar panel site","real_disturbance (counted)",1
"spraying woody understory, exp 56-2","real_disturbance (counted)",1
"Stem analysis (fall 1973), size uncertain","real_disturbance (counted)",1
"strip cutting","real_disturbance (counted)",1
"study of natural reproduction (refer to 1913A)","real_disturbance (counted)",1
"summary of operations 1908-1912","real_disturbance (counted)",1
"three (3) perm plots in control","real_disturbance (counted)",1
"trail & border cutting","real_disturbance (counted)",1
"trail cut Sept. 1949 (refer to 1949A)","real_disturbance (counted)",1
"tree heights & plot check & computer codes, exp 56-2","real_disturbance (counted)",1
"two (2) trees removed (killed by lightning)","real_disturbance (counted)",1
"warming plot (control)","real_disturbance (counted)",1
"warming plot (heated)","real_disturbance (counted)",1
"warming plots","real_disturbance (counted)",1
"White Birch test logs","real_disturbance (counted)",1
"x N plots","real_disturbance (counted)",1
